ticker,title,publishedAt,source
AAPL,isa-model-sdk added to PyPI,2025-06-20T22:57:47Z,Pypi.org
AAPL,INVESTOR NOTICE: Apple Inc. (AAPL) Investors with Substantial Losses Have Opportunity to Lead Class Action Lawsuit - Robbins Geller,2025-06-20T22:15:00Z,GlobeNewswire
AAPL,"NVDA, TSLA, AAPL: Trump Rips ‘Too Late’ Fed Chair for Not Cutting Interest Rates",2025-06-20T19:55:44Z,Biztoc.com
AAPL,Time to Think Different: Tim Cook’s leadership has run its course at Apple,2025-06-20T18:06:01Z,Macdailynews.com
AAPL,"Investigating Apple's Standing In Technology Hardware, Storage & Peripherals Industry Compared To Competitors",2025-06-20T15:09:04Z,Biztoc.com
AAPL,3 Big Dividends That Could Ease Worries And Lead To Financial Freedom,2025-06-20T13:15:00Z,Forbes
AAPL,How Is Workday's Stock Performance Compared to Other Tech-Software Stocks?,2025-06-20T11:54:31Z,Barchart.com
AAPL,Music Stocks Worth Watching – June 18th,2025-06-20T08:33:07Z,ETF Daily News
AAPL,H&H Retirement Design & Management INC Cuts Holdings in Apple Inc. (NASDAQ:AAPL),2025-06-20T07:48:49Z,ETF Daily News
AAPL,"37,426 Shares in Apple Inc. (NASDAQ:AAPL) Bought by Hall Capital Management Co. Inc.",2025-06-20T07:48:49Z,ETF Daily News
AAPL,Ameriflex Group Inc. Takes Position in Apple Inc. (NASDAQ:AAPL),2025-06-20T07:48:49Z,ETF Daily News
AAPL,Instrumental Wealth LLC Raises Stake in Apple Inc. (NASDAQ:AAPL),2025-06-20T07:48:49Z,ETF Daily News
AAPL,"Michels Family Financial LLC Buys Shares of 4,832 Apple Inc. (NASDAQ:AAPL)",2025-06-20T07:48:48Z,ETF Daily News
AAPL,Liberty Square Wealth Partners LLC Makes New Investment in Apple Inc. (NASDAQ:AAPL),2025-06-20T07:48:48Z,ETF Daily News
AAPL,Forum Financial Management LP Grows Stock Holdings in Apple Inc. (NASDAQ:AAPL),2025-06-20T07:12:53Z,ETF Daily News
AAPL,"10,540 Shares in Apple Inc. (NASDAQ:AAPL) Bought by Vermillion Wealth Management Inc.",2025-06-20T07:12:52Z,ETF Daily News
AAPL,Apple Inc. (NASDAQ:AAPL) is Montchanin Asset Management LLC’s Largest Position,2025-06-20T07:12:51Z,ETF Daily News
AAPL,Sunbeam Capital Management LLC Invests $5.14 Million in Apple Inc. (NASDAQ:AAPL),2025-06-20T07:12:50Z,ETF Daily News
AAPL,Sunbeam Capital Management LLC Makes New $2.10 Million Investment in Apple Inc. (NASDAQ:AAPL),2025-06-20T07:12:50Z,ETF Daily News
AAPL,WNY Asset Management LLC Has $14.65 Million Position in Apple Inc. (NASDAQ:AAPL),2025-06-20T07:12:49Z,ETF Daily News
AAPL,CalDigit Japan、USB-A/-CやSDカードリーダー、DisplayPort、10GbEなど合計20ポートを搭載したThunderbolt 5ドック「TS5 Plus」の予約注文を開始。,2025-06-20T07:01:36Z,Applech2.com
AAPL,stepchain added to PyPI,2025-06-20T00:15:23Z,Pypi.org
AAPL,Parallels、macOS 26 TahoeのBeta版を搭載したMacやmacOS 26仮想マシンで発生している不具合リストを公開。,2025-06-19T21:27:24Z,Applech2.com
AAPL,"In-Depth Analysis: Apple Versus Competitors In Technology Hardware, Storage & Peripherals Industry",2025-06-19T15:09:05Z,Biztoc.com
AAPL,Apple May Sell Folding iPhone to Jump-Start Troubled Sales,2025-06-19T14:13:03Z,Biztoc.com
AAPL,Warren Buffett Famously Warned to “Make Money While You Sleep” or “You Will Work Until You Die”: 5 Stocks To Invest Like Buffett,2025-06-19T13:38:00Z,Barchart.com
AAPL,Music Stocks To Keep An Eye On – June 17th,2025-06-19T08:52:53Z,ETF Daily News
AAPL,Apple、開発者向けにMacやXcodeなしでSafari機能拡張をパッケージ化＆App Storeで配布できるようにする「Safari Web Extension Packager」の提供を開始。,2025-06-19T08:25:54Z,Applech2.com
AAPL,Apple Inc. (NASDAQ:AAPL) Position Lessened by Westfuller Advisors LLC,2025-06-19T07:34:55Z,ETF Daily News
AAPL,"35,987 Shares in Apple Inc. (NASDAQ:AAPL) Acquired by Kingstone Capital Partners Texas LLC",2025-06-19T07:34:55Z,ETF Daily News
AAPL,Blue Sky Capital Consultants Group Inc. Takes $8.30 Million Position in Apple Inc. (NASDAQ:AAPL),2025-06-19T07:34:55Z,ETF Daily News
AAPL,Technology Stocks To Watch Today – June 17th,2025-06-19T07:10:51Z,ETF Daily News
AAPL,Formidable Asset Management LLC Has $54.15 Million Stake in Apple Inc. (NASDAQ:AAPL),2025-06-19T07:02:59Z,ETF Daily News
AAPL,Apple Inc. (NASDAQ:AAPL) Holdings Decreased by Revisor Wealth Management LLC,2025-06-19T07:02:58Z,ETF Daily News
AAPL,Apple Inc. (NASDAQ:AAPL) Stock Holdings Boosted by Orin Green Financial LLC,2025-06-19T07:02:58Z,ETF Daily News
AAPL,Drucker Wealth 3.0 LLC Has $16.82 Million Stock Position in Apple Inc. (NASDAQ:AAPL),2025-06-19T07:02:55Z,ETF Daily News
AAPL,Auxier Asset Management Sells 493 Shares of Apple Inc. (NASDAQ:AAPL),2025-06-19T07:02:55Z,ETF Daily News
AAPL,"Richmond Investment Services LLC Purchases Shares of 9,549 Apple Inc. (NASDAQ:AAPL)",2025-06-19T07:02:52Z,ETF Daily News
AAPL,Twin Lakes Capital Management LLC Has $20.61 Million Position in Apple Inc. (NASDAQ:AAPL),2025-06-19T07:02:50Z,ETF Daily News
AAPL,GF Fund Management CO. LTD. Invests $374.44 Million in Apple Inc. (NASDAQ:AAPL),2025-06-19T07:02:49Z,ETF Daily News
AAPL,Parr Mcknight Wealth Management Group LLC Buys New Shares in Apple Inc. (NASDAQ:AAPL),2025-06-19T07:02:49Z,ETF Daily News
AAPL,"Anker Japan、3つのUSB-AとUSB-Cポートを搭載した合計112W出力の6ポート充電器「Anker Charger (112W, 6 Ports, GaN)」のブラックモデルを発売。",2025-06-19T06:42:52Z,Applech2.com
AAPL,Nvidia (NVDA) Could Hit $5 Trillion as Analysts Lift Price Targets,2025-06-19T02:54:07Z,Yahoo Entertainment
AAPL,"Investigating Apple's Standing In Technology Hardware, Storage & Peripherals Industry Compared To Competitors",2025-06-18T15:16:29Z,Biztoc.com
AAPL,"‘It Has No Utility’: Warren Buffett Doesn’t Care How High Gold Goes, He Isn’t a Buyer",2025-06-18T14:54:52Z,Barchart.com
AAPL,Apple Just Snatched Back the Top Spot in China Smartphone Sales. Should You Buy AAPL Stock Here?,2025-06-18T14:31:28Z,Biztoc.com
AAPL,Today in Apple history: John Sculley steps down as Apple CEO,2025-06-18T14:30:22Z,Cult of Mac
AAPL,Apple Just Snatched Back the Top Spot in China Smartphone Sales. Should You Buy AAPL Stock Here?,2025-06-18T14:30:02Z,Yahoo Entertainment
AAPL,3 Big AI Dividends Cashing In On The Next Big Leap,2025-06-18T13:58:00Z,Forbes
AAPL,"Analysts Cover Apple (NASDAQ:AAPL) After WWDC, Citi Maintains Buy",2025-06-18T13:55:25Z,Yahoo Entertainment
AAPL,Promising Music Stocks To Watch Today – June 16th,2025-06-18T08:21:04Z,ETF Daily News
AAPL,Top Fitness Stocks To Follow Now – June 16th,2025-06-18T08:21:03Z,ETF Daily News
AAPL,"Focus Partners Advisor Solutions LLC Purchases 6,422 Shares of Apple Inc. (NASDAQ:AAPL)",2025-06-18T07:46:58Z,ETF Daily News
AAPL,McIlrath & Eck LLC Boosts Stock Holdings in Apple Inc. (NASDAQ:AAPL),2025-06-18T07:46:53Z,ETF Daily News
AAPL,10Elms LLP Acquires Shares of 650 Apple Inc. (NASDAQ:AAPL),2025-06-18T07:46:53Z,ETF Daily News
AAPL,Apple Inc. (NASDAQ:AAPL) is Taylor Hoffman Capital Management LLC’s Largest Position,2025-06-18T07:46:52Z,ETF Daily News
AAPL,"Castleark Management LLC Buys 97,730 Shares of Apple Inc. (NASDAQ:AAPL)",2025-06-18T07:46:52Z,ETF Daily News
AAPL,"Note Advisors LLC Invests $945,000 in Apple Inc. (NASDAQ:AAPL)",2025-06-18T07:13:00Z,ETF Daily News
AAPL,Top Retail Stocks To Consider – June 16th,2025-06-18T06:03:07Z,ETF Daily News
AAPL,Amazonで古いmacOSやiPadOSに対応したLightning充電式の「Magic Mouse」と「Magic Trackpad」のブラックモデルが24~25%OFFセール中。,2025-06-18T03:07:47Z,Applech2.com
AAPL,"Anker Japan、薄型でコンパクトデザインのQi2対応ワイヤレス充電パッド「Anker Zolo Wireless Charger (Magnetic, Pad)」の2個セットモデルを発売。",2025-06-18T02:25:07Z,Applech2.com
AAPL,Purpose Investments Inc. Announces June 2025 Distributions,2025-06-17T23:33:31Z,Financial Post
AAPL,Purpose Investments Inc. Announces June 2025 Distributions,2025-06-17T23:30:00Z,GlobeNewswire
AAPL,米Satechi、最大データ転送速度40GbpsのUSB4に対応しMac miniに重ねて使える薄型のNVMe SSDエンクロージャー「USB4 Slim NVMe SSD Enclosure」を発売。,2025-06-17T20:45:59Z,Applech2.com
AAPL,Cathie Wood Thinks SpaceX Will Hit $2.5 TRILLION in 5 Years. You Can Buy This 1 ETF Now to Profit.,2025-06-17T19:53:52Z,Barchart.com
AAPL,Goldman Sachs reiterates ‘Buy’ rating on Apple stock,2025-06-17T15:21:30Z,Macdailynews.com
AAPL,Apple supplier Jabil plans $500M venture to build AI data centers,2025-06-17T15:11:01Z,Yahoo Entertainment
AAPL,"Industry Comparison: Evaluating Apple Against Competitors In Technology Hardware, Storage & Peripherals Industry",2025-06-17T15:09:57Z,Biztoc.com
AAPL,"Sapphire Reserve: Amex, JPMorgan Chase tease major updates amid intensifying credit card battle",2025-06-17T15:08:36Z,The Times of India
AAPL,Ripple and SEC want appeals paused – Is a breakthrough ruling coming soon?,2025-06-17T15:00:44Z,Ambcrypto.com
AAPL,Trump says he'll extend TikTok sale deadline for third time,2025-06-17T14:22:26Z,Yahoo Entertainment
AAPL,Cambridge Investment Research Advisors Inc. Lowers Stake in Apple Inc. (NASDAQ:AAPL),2025-06-17T07:07:03Z,ETF Daily News
AAPL,"Cornerstone Select Advisors LLC Acquires Shares of 17,232 Apple Inc. (NASDAQ:AAPL)",2025-06-17T07:07:03Z,ETF Daily News
AAPL,"Driehaus Capital Management LLC Sells 8,628 Shares of Apple Inc. (NASDAQ:AAPL)",2025-06-17T07:07:03Z,ETF Daily News
AAPL,Element Pointe Advisors LLC Lowers Stock Holdings in Apple Inc. (NASDAQ:AAPL),2025-06-17T07:07:02Z,ETF Daily News
AAPL,"Collar Capital Management LLC Purchases Shares of 18,924 Apple Inc. (NASDAQ:AAPL)",2025-06-17T07:07:02Z,ETF Daily News
AAPL,Capitolis Liquid Global Markets LLC Has $634.82 Million Stake in Apple Inc. (NASDAQ:AAPL),2025-06-17T07:06:59Z,ETF Daily News
AAPL,Apple Inc. (NASDAQ:AAPL) Stock Holdings Boosted by Coastal Bridge Advisors LLC,2025-06-17T07:06:54Z,ETF Daily News
AAPL,Bridgeway Capital Management LLC Grows Stock Holdings in Apple Inc. (NASDAQ:AAPL),2025-06-17T07:06:53Z,ETF Daily News
AAPL,GraniteShares 2x Long AAPL Daily ETF (NASDAQ:AAPB) Stock Price Up 1.9% – What’s Next?,2025-06-17T06:52:56Z,ETF Daily News
AAPL,Top Technology Stocks To Follow Now – June 15th,2025-06-17T06:02:49Z,ETF Daily News
AAPL,"Bragar Eagel & Squire, P.C. Is Investigating Apple, Sable and Abacus and Encourages Investors to Contact the Firm",2025-06-17T01:00:00Z,GlobeNewswire
AAPL,Apple (AAPL) Gets $235 Price Target from Morgan Stanley After China iPhone Demand Surprises,2025-06-16T23:32:49Z,Yahoo Entertainment
AAPL,Apple、開発者向けに「macOS 15.6 Sequoia」や「iOS/iPadOS 18.6」、「visionOS 2.6」のBeta 1を公開。,2025-06-16T20:56:14Z,Applech2.com
AAPL,TikTok will go dark June 19 unless Trump gives it another lifeline,2025-06-16T20:15:09Z,Yahoo Entertainment
AAPL,fds.sdk.FactSetSupplyChain 0.1.0,2025-06-16T18:22:43Z,Pypi.org
AAPL,"As Inflation Withers, The Fed Remains Behind The Curve",2025-06-16T18:10:54Z,Forbes
AAPL,Here's How Much You Would Have Made Owning Apple Stock In The Last 15 Years,2025-06-16T16:54:53Z,Biztoc.com
AAPL,Evaluating Apple After WWDC 2025: Why It’s Getting Tough to Make a ‘Buy’ Case for AAPL Stock,2025-06-16T15:37:06Z,Biztoc.com
AAPL,Spigen Japan、iPhone 16やiPad Air/mini、Apple Watch用ケース、SIMピン付きパスポートケース、防水ポーチなどを最大40%OFFで販売する6月のタイムセールを開催。,2025-06-16T09:58:39Z,Applech2.com
AAPL,Music Stocks To Keep An Eye On – June 14th,2025-06-16T09:35:01Z,ETF Daily News
AAPL,Brooks Moore & Associates Inc. Has $5.20 Million Stock Position in Apple Inc. (NASDAQ:AAPL),2025-06-16T08:54:49Z,ETF Daily News
AAPL,米Spigen、iMac G3風デザインのiPhone/AirPods用ケースなどを揃えるClassic C1シリーズから、Apple Watchワイヤレス充電器用ケース「Apple Watch Classic C1 Charger Stand」を発売。,2025-06-16T08:47:18Z,Applech2.com
AAPL,"Cantor Fitzgerald L. P. Sells 4,146 Shares of Apple Inc. (NASDAQ:AAPL)",2025-06-16T08:08:54Z,ETF Daily News
AAPL,Apple Inc. (NASDAQ:AAPL) Holdings Decreased by Cardiff Park Advisors LLC,2025-06-16T08:08:54Z,ETF Daily News
AAPL,Apple Inc. (NASDAQ:AAPL) is Baker Avenue Asset Management LP’s 2nd Largest Position,2025-06-16T08:08:53Z,ETF Daily News
AAPL,Bamco Inc. NY Boosts Position in Apple Inc. (NASDAQ:AAPL),2025-06-16T08:08:52Z,ETF Daily News
AAPL,Bowie Capital Management LLC Cuts Stock Position in Apple Inc. (NASDAQ:AAPL),2025-06-16T08:08:51Z,ETF Daily News
AAPL,Apple Inc. (NASDAQ:AAPL) Shares Acquired by Bayesian Capital Management LP,2025-06-16T07:03:01Z,ETF Daily News
AAPL,BLI Banque de Luxembourg Investments Purchases New Shares in Apple Inc. (NASDAQ:AAPL),2025-06-16T07:03:00Z,ETF Daily News
TSLA,Don't expect to see Tesla robotaxis everywhere just yet,2025-06-20T20:40:45Z,Yahoo Entertainment
TSLA,"NVDA, TSLA, AAPL: Trump Rips ‘Too Late’ Fed Chair for Not Cutting Interest Rates",2025-06-20T19:55:44Z,Biztoc.com
TSLA,"Robotaxi launch: Event date, place, time and all news about Tesla's new autonomous vehicle",2025-06-20T19:36:18Z,The Times of India
TSLA,Veteran Tesla analyst makes boldest robotaxi call yet,2025-06-20T18:16:40Z,Biztoc.com
TSLA,The ‘Golden Era’ for Tesla Starts June 22. Should You Buy TSLA Stock First?,2025-06-20T17:32:06Z,Biztoc.com
TSLA,The ‘Golden Era’ for Tesla Starts June 22. Should You Buy TSLA Stock First?,2025-06-20T17:18:18Z,Barchart.com
TSLA,"Stock market today: S&P 500, Nasdaq fall with focus on Trump Iran decision, Fed rate cuts, China chip tensions",2025-06-20T14:58:02Z,Yahoo Entertainment
TSLA,Did This Stock Oust Tesla From the Magnificent 7?,2025-06-20T14:46:31Z,Biztoc.com
TSLA,Stock Market Today: Dow Jones Rises On Iran News; Fed Governor Talks Of Rate Cuts (Live Coverage),2025-06-20T14:15:16Z,Biztoc.com
TSLA,"Dear Tesla Stock Fans, Mark Your Calendars for June 30",2025-06-20T13:52:13Z,Barchart.com
TSLA,Tesla (TSLA) Stock Rated Overweight as Robotaxi Launch Nears,2025-06-20T12:38:41Z,Yahoo Entertainment
TSLA,"U.S. stock market futures fall: Dow, S&P 500, Nasdaq fall on oil drop, Fed signals, and rising Iran–Israel tensions",2025-06-20T11:52:26Z,The Times of India
TSLA,Best Energy Stocks To Keep An Eye On – June 17th,2025-06-20T09:13:04Z,ETF Daily News
TSLA,Top Electric Vehicle Stocks To Watch Now – June 17th,2025-06-20T09:13:04Z,ETF Daily News
TSLA,Automotive Stocks To Watch Today – June 17th,2025-06-20T08:33:31Z,ETF Daily News
TSLA,Top Insurance Stocks To Keep An Eye On – June 18th,2025-06-20T08:33:26Z,ETF Daily News
TSLA,Dividend Stocks To Follow Today – June 18th,2025-06-20T08:33:20Z,ETF Daily News
TSLA,Top Large Cap Stocks To Research – June 18th,2025-06-20T08:33:15Z,ETF Daily News
TSLA,Mid Cap Stocks To Watch Now – June 18th,2025-06-20T08:32:52Z,ETF Daily News
TSLA,Electric Vehicle Stocks Worth Watching – June 18th,2025-06-20T06:02:56Z,ETF Daily News
TSLA,Automotive Stocks To Watch Today – June 18th,2025-06-20T06:02:54Z,ETF Daily News
TSLA,Zacks Research Predicts Tesla’s Q3 Earnings (NASDAQ:TSLA),2025-06-20T05:16:51Z,ETF Daily News
TSLA,Tesla Will Shut Down Production At The Texas Gigafactory Over The 4th Of July Weekend,2025-06-20T01:30:15Z,Benzinga
TSLA,Tesla's robotaxi rollout runs into trouble,2025-06-19T23:55:27Z,Biztoc.com
TSLA,Best Energy Stocks To Keep An Eye On – June 16th,2025-06-19T16:36:44Z,ETF Daily News
TSLA,"TRUMP’S TWEETS, TARIFFS AND TRILLIONS MADE: A MARKET MANIPULATION MASTERCLASS?",2025-06-19T12:30:48Z,Shtfplan.com
TSLA,Musk's AI chatbot weighs in on Tesla stock and Robotaxi,2025-06-19T11:15:29Z,Biztoc.com
TSLA,Automotive Stocks To Watch Now – June 16th,2025-06-19T08:53:00Z,ETF Daily News
TSLA,Best Large Cap Stocks To Watch Now – June 17th,2025-06-19T08:52:52Z,ETF Daily News
TSLA,Dividend Stocks To Add to Your Watchlist – June 17th,2025-06-19T08:52:51Z,ETF Daily News
TSLA,Top Insurance Stocks To Keep An Eye On – June 17th,2025-06-19T08:52:50Z,ETF Daily News
TSLA,Top Mid Cap Stocks To Watch Now – June 17th,2025-06-19T08:52:50Z,ETF Daily News
TSLA,"Tesla, Inc. (NASDAQ:TSLA) SVP Xiaotong Zhu Sells 15,000 Shares",2025-06-19T08:11:03Z,ETF Daily News
TSLA,Best Utility Stocks To Watch Today – June 17th,2025-06-19T06:38:57Z,ETF Daily News
TSLA,"Stock market today: Dow, S&P 500, Nasdaq stall as Fed holds rates steady, forecasts 2 cuts in 2025",2025-06-18T18:09:46Z,Yahoo Entertainment
TSLA,There’s Still an ‘Enormous’ Reason to Buy Nvidia Stock in 2025,2025-06-18T16:58:21Z,Barchart.com
TSLA,Automotive Stocks To Watch Today – June 15th,2025-06-18T15:40:51Z,ETF Daily News
TSLA,Energy Stocks Worth Watching – June 15th,2025-06-18T15:40:50Z,ETF Daily News
TSLA,Top Electric Vehicle Stocks To Follow Today – June 15th,2025-06-18T15:40:50Z,ETF Daily News
TSLA,Tesla Plans Temporary Shutdown of Cybertruck and Model Y Production Lines,2025-06-18T12:46:16Z,International Business Times
TSLA,"US Stock market future today: Dow, S&P 500, Nasdaq slip as Fed takes the wheel — earnings, tech turbulence & global tensions shake investor confidence",2025-06-18T12:12:41Z,The Times of India
TSLA,Tesla (TSLA) to Halt Gigafactory Texas Output Again Amid Inventory Pressure,2025-06-18T12:05:08Z,Yahoo Entertainment
TSLA,Best Mid Cap Stocks To Watch Today – June 16th,2025-06-18T08:20:59Z,ETF Daily News
TSLA,Dividend Stocks To Follow Now – June 16th,2025-06-18T08:20:59Z,ETF Daily News
TSLA,Electric Vehicle Stocks To Keep An Eye On – June 16th,2025-06-18T07:08:43Z,ETF Daily News
TSLA,Top Retail Stocks To Consider – June 16th,2025-06-18T06:03:07Z,ETF Daily News
TSLA,Promising Solar Stocks To Add to Your Watchlist – June 16th,2025-06-18T06:03:05Z,ETF Daily News
TSLA,Tesla (NASDAQ:TSLA) Shares Down 2% on Insider Selling,2025-06-18T05:30:50Z,ETF Daily News
TSLA,finance-agent-mcp-server added to PyPI,2025-06-18T01:50:10Z,Pypi.org
TSLA,Purpose Investments Inc. Announces June 2025 Distributions,2025-06-17T23:33:31Z,Financial Post
TSLA,Purpose Investments Inc. Announces June 2025 Distributions,2025-06-17T23:30:00Z,GlobeNewswire
TSLA,"X CEO Linda Yaccarino rejects claims of advertiser pressure, touts X Money, other progress under Musk",2025-06-17T20:35:55Z,Freerepublic.com
TSLA,Trump Is Giving Tesla’s Robotaxis a Leg Up Ahead of June 22. Should You Buy TSLA Stock Now?,2025-06-17T19:59:34Z,Biztoc.com
TSLA,Cathie Wood Thinks SpaceX Will Hit $2.5 TRILLION in 5 Years. You Can Buy This 1 ETF Now to Profit.,2025-06-17T19:53:52Z,Barchart.com
TSLA,‘Musk Needs Trump and Trump Needs Musk’: Tesla’s Truce Is Great News for TSLA Stock,2025-06-17T19:49:02Z,Biztoc.com
TSLA,Trump Is Giving Tesla’s Robotaxis a Leg Up Ahead of June 22. Should You Buy TSLA Stock Now?,2025-06-17T19:45:31Z,Barchart.com
TSLA,Tesla plans to shut down Model Y and Cybertruck production over the week of July 4 - Business Insider,2025-06-17T18:12:57Z,Slashdot.org
TSLA,Nissan's all-new 2026 LEAF EV comes at a critical time for automaker,2025-06-17T16:00:51Z,Yahoo Entertainment
TSLA,EVs suffer surprising rejection in a crucial market,2025-06-17T15:43:22Z,Biztoc.com
TSLA,Tesla (TSLA) plans to pause production at Gigafactory Texas for second time in 2 months,2025-06-17T15:30:48Z,Electrek
TSLA,"At Tesla, Xiaotong Zhu Chooses To Exercise Options, Resulting In $4.55M",2025-06-17T15:09:52Z,Biztoc.com
TSLA,Tesla (TSLA) is sitting on so much inventory it has to take over parking lots all over the US,2025-06-17T14:10:57Z,Electrek
TSLA,Utility Stocks To Keep An Eye On – June 15th,2025-06-17T06:02:49Z,ETF Daily News
TSLA,Tesla (TSLA)’s Strength in AI and Robotics Drives Morgan Stanley’s Bullish Outlook,2025-06-16T23:29:27Z,Yahoo Entertainment
TSLA,"As Inflation Withers, The Fed Remains Behind The Curve",2025-06-16T18:10:54Z,Forbes
TSLA,Tesla’s Big Bet on Robotaxis Is Coming: Should Investors Jump on TSLA Stock Before June 22?,2025-06-16T15:15:15Z,Biztoc.com
TSLA,"Stock market today: Dow, S&P 500, Nasdaq rise, oil slips as Israel-Iran conflict enters 4th day",2025-06-16T13:30:20Z,Yahoo Entertainment
TSLA,"Tesla (TSLA) Raises U.S. Prices on Upgraded Model S and X by $5,000",2025-06-16T12:12:26Z,Yahoo Entertainment
TSLA,Promising Electric Vehicle Stocks To Watch Now – June 13th,2025-06-16T08:29:00Z,ETF Daily News
TSLA,Top Dividend Stocks To Watch Today – June 14th,2025-06-16T08:28:57Z,ETF Daily News
TSLA,Mid Cap Stocks To Watch Today – June 14th,2025-06-16T08:28:54Z,ETF Daily News
TSLA,Promising Large Cap Stocks To Keep An Eye On – June 14th,2025-06-16T08:28:52Z,ETF Daily News
TSLA,Insurance Stocks To Watch Now – June 14th,2025-06-16T08:28:51Z,ETF Daily News
TSLA,Best Energy Stocks To Follow Today – June 14th,2025-06-16T06:02:57Z,ETF Daily News
TSLA,Industrial Stocks To Follow Now – June 14th,2025-06-16T06:02:56Z,ETF Daily News
TSLA,Watch These Tesla Stock Price Levels as Investors Look Past Musk-Trump Feud,2025-06-16T02:31:11Z,Investopedia
TSLA,Could Buying Tesla Stock Today Be the Smartest Decision You Make This Year?,2025-06-15T22:49:05Z,Biztoc.com
TSLA,Every Tesla Investor Should Keep an Eye on These 2 Numbers,2025-06-15T16:32:46Z,Biztoc.com
TSLA,"Tesla, Inc. (TSLA): “I Would Neverrrr Sell Tesla In This,” Says Jim Cramer",2025-06-15T15:42:53Z,Yahoo Entertainment
TSLA,"Baird Lowers Tesla (TSLA) to Hold, Citing Valuation and Robotaxi Risk",2025-06-15T09:47:47Z,Yahoo Entertainment
TSLA,"What To Expect in Markets This Week: Fed Rate Decision, Juneteenth Holiday, US Retail Sales, Tesla Robotaxi Rollout",2025-06-15T09:00:00Z,Investopedia
TSLA,"IMC Chicago LLC Purchases Shares of 22,332 Direxion Daily TSLA Bull 2X Shares (NASDAQ:TSLL)",2025-06-15T07:49:04Z,ETF Daily News
TSLA,Top Energy Stocks To Follow Now – June 13th,2025-06-15T06:36:43Z,ETF Daily News
TSLA,Promising Automotive Stocks To Watch Today – June 13th,2025-06-15T06:36:43Z,ETF Daily News
TSLA,Industrial Stocks To Keep An Eye On – June 13th,2025-06-15T06:36:43Z,ETF Daily News
TSLA,Tesla claims rival startup is built on stolen trade secrets,2025-06-14T16:01:19Z,Biztoc.com
TSLA,Tesla’s US Sales Drop 16% In April,2025-06-14T14:33:22Z,Biztoc.com
TSLA,is Headed to $167,2025-06-14T14:33:00Z,Biztoc.com
TSLA,5 Stocks To Buy As The Stock Market Nears All-Time Highs,2025-06-14T13:00:00Z,Forbes
TSLA,Austin residents rally against Tesla's robotaxi launch,2025-06-14T11:50:01Z,Neowin
TSLA,How Elon Musk Is Reinventing Tesla’s Strategy - WSJ,2025-06-14T11:14:31Z,Slashdot.org
TSLA,Tesla Fails To Meet June 12 Launch For Its Robotaxis. Is This A Big Red Flag For TSLA Stock?,2025-06-14T09:56:40Z,Biztoc.com
TSLA,Utility Stocks To Add to Your Watchlist – June 12th,2025-06-14T09:06:52Z,ETF Daily News
TSLA,Promising Large Cap Stocks To Keep An Eye On – June 12th,2025-06-14T08:05:03Z,ETF Daily News
TSLA,Automotive Stocks To Keep An Eye On – June 11th,2025-06-14T08:05:00Z,ETF Daily News
TSLA,Insurance Stocks To Watch Now – June 12th,2025-06-14T08:04:58Z,ETF Daily News
TSLA,Energy Stocks To Watch Today – June 12th,2025-06-14T06:42:42Z,ETF Daily News
TSLA,Automotive Stocks To Keep An Eye On – June 12th,2025-06-14T06:42:42Z,ETF Daily News
TSLA,Top Industrial Stocks To Follow Today – June 12th,2025-06-14T06:07:07Z,ETF Daily News
TSLA,Tesla Fails to Meet June 12 Launch for Its Robotaxis. Is This a Big Red Flag for TSLA Stock?,2025-06-13T18:25:56Z,Biztoc.com
MSFT,isa-model-sdk added to PyPI,2025-06-20T22:57:47Z,Pypi.org
MSFT,"Wells Fargo Raises PT on Microsoft (MSFT), Keeps Overweight",2025-06-20T19:56:54Z,Yahoo Entertainment
MSFT,Google blames Microsoft for Chrome's recent Windows woes,2025-06-20T19:32:58Z,Android Police
MSFT,Understanding Microsoft's Position In Software Industry Compared To Competitors,2025-06-20T15:08:54Z,Biztoc.com
MSFT,3 Big Dividends That Could Ease Worries And Lead To Financial Freedom,2025-06-20T13:15:00Z,Forbes
MSFT,What’s Happening With MSFT Stock?,2025-06-20T10:30:42Z,Forbes
MSFT,Cypress Asset Management Inc. TX Takes $23.18 Million Position in Microsoft Corporation (NASDAQ:MSFT),2025-06-20T07:48:51Z,ETF Daily News
MSFT,Putney Financial Group LLC Takes $5.93 Million Position in Microsoft Corporation (NASDAQ:MSFT),2025-06-20T07:48:50Z,ETF Daily News
MSFT,Griffith & Werner Inc. Invests $5.46 Million in Microsoft Corporation (NASDAQ:MSFT),2025-06-20T07:12:54Z,ETF Daily News
MSFT,"Wealth Management Strategies Inc. Acquires Shares of 2,514 Microsoft Corporation (NASDAQ:MSFT)",2025-06-20T07:12:53Z,ETF Daily News
MSFT,Perennial Advisors LLC Purchases New Position in Microsoft Corporation (NASDAQ:MSFT),2025-06-20T07:12:52Z,ETF Daily News
MSFT,American Trust Buys 301 Shares of Microsoft Corporation (NASDAQ:MSFT),2025-06-20T07:12:52Z,ETF Daily News
MSFT,"PVG Asset Management Corp Takes $542,000 Position in Microsoft Corporation (NASDAQ:MSFT)",2025-06-20T07:12:52Z,ETF Daily News
MSFT,Aberdeen Wealth Management LLC Lowers Stock Holdings in Microsoft Corporation (NASDAQ:MSFT),2025-06-20T07:12:51Z,ETF Daily News
MSFT,Microsoft Corporation (NASDAQ:MSFT) Stake Increased by Ascent Group LLC,2025-06-20T07:12:50Z,ETF Daily News
MSFT,stepchain added to PyPI,2025-06-20T00:15:23Z,Pypi.org
MSFT,Evaluating Microsoft Against Peers In Software Industry,2025-06-19T15:09:01Z,Biztoc.com
MSFT,Microsoft (NASDAQ: MSFT) Stock Price Prediction for 2025: Where Will It Be in 1 Year,2025-06-19T14:13:19Z,Biztoc.com
MSFT,Microsoft (MSFT) Reportedly Plans Thousands of Job Cuts in Sales Teams,2025-06-19T12:23:29Z,Yahoo Entertainment
MSFT,Microsoft's Next Xbox Will Run on AMD; Won't Be Tied to One Store,2025-06-19T11:13:41Z,Yahoo Entertainment
MSFT,Microsoft to Axe Thousands of Sales Roles at Fiscal-Year End,2025-06-19T11:12:13Z,Yahoo Entertainment
MSFT,Technology Stocks To Watch Today – June 17th,2025-06-19T07:10:51Z,ETF Daily News
MSFT,"Warm Springs Advisors Inc. Acquires Shares of 13,877 Microsoft Corporation (NASDAQ:MSFT)",2025-06-19T07:02:58Z,ETF Daily News
MSFT,"University of Texas Texas AM Investment Management Co. Sells 6,492 Shares of Microsoft Corporation (NASDAQ:MSFT)",2025-06-19T07:02:57Z,ETF Daily News
MSFT,Jupiter Wealth Management LLC Acquires 400 Shares of Microsoft Corporation (NASDAQ:MSFT),2025-06-19T07:02:57Z,ETF Daily News
MSFT,Microsoft Corporation (NASDAQ:MSFT) Holdings Increased by WCG Wealth Advisors LLC,2025-06-19T07:02:54Z,ETF Daily News
MSFT,North Star Asset Management Inc. Has $65.35 Million Position in Microsoft Corporation (NASDAQ:MSFT),2025-06-19T07:02:52Z,ETF Daily News
MSFT,"Cache Advisors LLC Acquires Shares of 33,805 Microsoft Corporation (NASDAQ:MSFT)",2025-06-19T07:02:52Z,ETF Daily News
MSFT,Retirement Planning Group LLC NY Makes New Investment in Microsoft Corporation (NASDAQ:MSFT),2025-06-19T07:02:50Z,ETF Daily News
MSFT,Nvidia (NVDA) Could Hit $5 Trillion as Analysts Lift Price Targets,2025-06-19T02:54:07Z,Yahoo Entertainment
MSFT,Former TCW Fund Manager Launches New Active Equity ETF,2025-06-18T20:15:00Z,Etf.com
MSFT,There’s Still an ‘Enormous’ Reason to Buy Nvidia Stock in 2025,2025-06-18T16:58:21Z,Barchart.com
MSFT,3 Big AI Dividends Cashing In On The Next Big Leap,2025-06-18T13:58:00Z,Forbes
MSFT,Monograph Wealth Advisors LLC Cuts Stock Position in Microsoft Corporation (NASDAQ:MSFT),2025-06-18T07:46:57Z,ETF Daily News
MSFT,Microsoft Corporation (NASDAQ:MSFT) is Novak & Powell Financial Services Inc.’s 6th Largest Position,2025-06-18T07:46:57Z,ETF Daily News
MSFT,Novem Group Makes New $5.62 Million Investment in Microsoft Corporation (NASDAQ:MSFT),2025-06-18T07:46:56Z,ETF Daily News
MSFT,Royal Capital Wealth Management LLC Has $8.81 Million Stake in Microsoft Corporation (NASDAQ:MSFT),2025-06-18T07:46:56Z,ETF Daily News
MSFT,Microsoft Corporation (NASDAQ:MSFT) Stock Holdings Lifted by White Knight Strategic Wealth Advisors LLC,2025-06-18T07:46:54Z,ETF Daily News
MSFT,NCM Capital Management LLC Raises Stock Position in Microsoft Corporation (NASDAQ:MSFT),2025-06-18T07:46:54Z,ETF Daily News
MSFT,Microsoft Corporation (NASDAQ:MSFT) Shares Bought by Financial Avengers Inc.,2025-06-18T07:46:53Z,ETF Daily News
MSFT,"Principal Street Partners LLC Sells 25,578 Shares of Microsoft Corporation (NASDAQ:MSFT)",2025-06-18T07:46:53Z,ETF Daily News
MSFT,Continuum Advisory LLC Buys 202 Shares of Microsoft Corporation (NASDAQ:MSFT),2025-06-18T07:46:51Z,ETF Daily News
MSFT,Ashford Capital Management Inc. Has $7.80 Million Holdings in Microsoft Corporation (NASDAQ:MSFT),2025-06-18T07:12:59Z,ETF Daily News
MSFT,Talisman Wealth Advisors LLC Has $2.84 Million Stock Position in Microsoft Corporation (NASDAQ:MSFT),2025-06-18T07:12:59Z,ETF Daily News
MSFT,Lantern Wealth Advisors LLC Grows Stock Position in Microsoft Corporation (NASDAQ:MSFT),2025-06-18T07:12:58Z,ETF Daily News
MSFT,Microsoft Corporation (NASDAQ:MSFT) is Delta Investment Management LLC’s 7th Largest Position,2025-06-18T07:12:50Z,ETF Daily News
MSFT,Top Retail Stocks To Consider – June 16th,2025-06-18T06:03:07Z,ETF Daily News
MSFT,finance-agent-mcp-server added to PyPI,2025-06-18T01:50:10Z,Pypi.org
MSFT,Purpose Investments Inc. Announces June 2025 Distributions,2025-06-17T23:33:31Z,Financial Post
MSFT,Purpose Investments Inc. Announces June 2025 Distributions,2025-06-17T23:30:00Z,GlobeNewswire
MSFT,Microsoft and AMD announce multi-year Xbox chip deal,2025-06-17T21:06:45Z,Yahoo Entertainment
MSFT,CoreWeave stock surge brings post-IPO rally to 340% after unusually positive analyst downgrade,2025-06-17T20:18:51Z,Yahoo Entertainment
MSFT,"Microsoft Corporation (MSFT)’s CFO “Told A Great Story,” Says Jim Cramer",2025-06-17T18:10:09Z,Yahoo Entertainment
MSFT,"Stock market today: Dow, S&P 500, Nasdaq fall as Trump calls for 'unconditional surrender' of Iran",2025-06-17T17:14:18Z,Yahoo Entertainment
MSFT,Microsoft Stock Is Trading Less Than 1% Below New Record Highs. Should You Buy MSFT Here?,2025-06-17T16:05:22Z,Biztoc.com
MSFT,"Stock market today: Dow, S&P 500, Nasdaq slide as Trump shakes hopes for an Israel-Iran truce",2025-06-17T13:32:36Z,Yahoo Entertainment
MSFT,Oracle’s $116 Billion Surge Leaves Little Room for Error on AI,2025-06-17T12:05:58Z,Yahoo Entertainment
MSFT,"Amazon (AMZN) Analysis: Performance, Market Dynamics, and AI-Driven Insights as of June 17, 2025 (Serhii Bondarenko)",2025-06-17T08:52:02Z,Finextra
MSFT,Bridgefront Capital LLC Takes Position in Microsoft Co. (NASDAQ:MSFT),2025-06-17T07:40:47Z,ETF Daily News
MSFT,Bosun Asset Management LLC Grows Stock Holdings in Microsoft Co. (NASDAQ:MSFT),2025-06-17T07:40:47Z,ETF Daily News
MSFT,"Cetera Investment Advisers Acquires 34,349 Shares of Microsoft Co. (NASDAQ:MSFT)",2025-06-17T07:40:47Z,ETF Daily News
MSFT,Cornerstone Financial Group LLC NE Acquires New Position in Microsoft Co. (NASDAQ:MSFT),2025-06-17T07:40:47Z,ETF Daily News
MSFT,Bramshill Investments LLC Grows Stock Holdings in Microsoft Co. (NASDAQ:MSFT),2025-06-17T07:40:46Z,ETF Daily News
MSFT,Microsoft Co. (NASDAQ:MSFT) Shares Sold by Cresset Asset Management LLC,2025-06-17T07:40:46Z,ETF Daily News
MSFT,Microsoft Co. (NASDAQ:MSFT) Shares Sold by Cercano Management LLC,2025-06-17T07:40:46Z,ETF Daily News
MSFT,Consulta Ltd Raises Stock Holdings in Microsoft Co. (NASDAQ:MSFT),2025-06-17T07:40:45Z,ETF Daily News
MSFT,Microsoft Co. (NASDAQ:MSFT) is Bulltick Wealth Management LLC’s 5th Largest Position,2025-06-17T07:04:59Z,ETF Daily News
MSFT,Cantor Fitzgerald L. P. Buys New Shares in Microsoft Co. (NASDAQ:MSFT),2025-06-17T07:04:58Z,ETF Daily News
MSFT,Netflix Expands Programmatic Ad Reach With Yahoo DSP Integration,2025-06-16T18:32:17Z,Yahoo Entertainment
MSFT,"As Inflation Withers, The Fed Remains Behind The Curve",2025-06-16T18:10:54Z,Forbes
MSFT,Analyzing Microsoft In Comparison To Competitors In Software Industry,2025-06-16T15:15:10Z,Biztoc.com
MSFT,Analysts Set Microsoft Co. (NASDAQ:MSFT) Price Target at $513.89,2025-06-16T08:28:56Z,ETF Daily News
MSFT,Bamco Inc. NY Trims Stock Position in Microsoft Co. (NASDAQ:MSFT),2025-06-16T07:38:43Z,ETF Daily News
MSFT,Brown Advisory Inc. Cuts Stock Holdings in Microsoft Co. (NASDAQ:MSFT),2025-06-16T07:38:43Z,ETF Daily News
MSFT,Microsoft Co. (NASDAQ:MSFT) Position Reduced by Bain Capital Public Equity Management II LLC,2025-06-16T07:38:43Z,ETF Daily News
MSFT,"Castlekeep Investment Advisors LLC Buys Shares of 1,637,949 Microsoft Co. (NASDAQ:MSFT)",2025-06-16T07:38:43Z,ETF Daily News
MSFT,Banque Transatlantique SA Makes New $536.20 Million Investment in Microsoft Co. (NASDAQ:MSFT),2025-06-16T07:03:00Z,ETF Daily News
MSFT,Microsoft Co. (NASDAQ:MSFT) Stock Position Boosted by Benjamin Edwards Inc.,2025-06-16T07:02:58Z,ETF Daily News
MSFT,Microsoft Co. (NASDAQ:MSFT) Shares Acquired by Ameriprise Financial Inc.,2025-06-16T07:02:56Z,ETF Daily News
MSFT,Wells Fargo & Company Boosts Microsoft (NASDAQ:MSFT) Price Target to $565.00,2025-06-16T05:42:49Z,ETF Daily News
MSFT,Buy Big Tech and Utilities Stocks Now,2025-06-15T13:13:56Z,Biztoc.com
MSFT,Alyeska Investment Group L.P. Has $67.94 Million Stake in Microsoft Co. (NASDAQ:MSFT),2025-06-15T08:25:00Z,ETF Daily News
MSFT,Microsoft (NASDAQ:MSFT) Lowered to “Hold” Rating by Wall Street Zen,2025-06-15T07:50:49Z,ETF Daily News
MSFT,Altimeter Capital Management LP Has $418.75 Million Position in Microsoft Co. (NASDAQ:MSFT),2025-06-15T07:19:03Z,ETF Daily News
MSFT,Ariel Investments LLC Has $53.91 Million Holdings in Microsoft Co. (NASDAQ:MSFT),2025-06-15T07:19:02Z,ETF Daily News
MSFT,"Ancora Advisors LLC Acquires 1,407 Shares of Microsoft Co. (NASDAQ:MSFT)",2025-06-15T07:19:01Z,ETF Daily News
MSFT,Albar Capital Partners LLP Buys New Position in Microsoft Co. (NASDAQ:MSFT),2025-06-15T07:19:00Z,ETF Daily News
MSFT,"ArrowMark Colorado Holdings LLC Has $965,000 Stake in Microsoft Co. (NASDAQ:MSFT)",2025-06-15T07:18:59Z,ETF Daily News
MSFT,Microsoft Co. (NASDAQ:MSFT) Shares Purchased by American Trust Investment Advisors LLC,2025-06-15T07:18:59Z,ETF Daily News
MSFT,Acorn Financial Advisory Services Inc. ADV Sells 448 Shares of Microsoft Co. (NASDAQ:MSFT),2025-06-15T07:18:57Z,ETF Daily News
MSFT,"Accredited Wealth Management LLC Buys Shares of 5,250 Microsoft Co. (NASDAQ:MSFT)",2025-06-15T07:18:55Z,ETF Daily News
MSFT,"Why IONQ, RGTI and QBTS are Worth the Risk in Quantum Computing",2025-06-15T01:49:00Z,Yahoo Entertainment
MSFT,3 ‘Secret’ Income Plays Throwing Off Huge 7.5%+ Dividend Yields,2025-06-14T14:31:00Z,Forbes
MSFT,5 Stocks To Buy As The Stock Market Nears All-Time Highs,2025-06-14T13:00:00Z,Forbes
MSFT,Herald Investment Management Ltd Cuts Stock Position in Microsoft Co. (NASDAQ:MSFT),2025-06-14T08:40:53Z,ETF Daily News
MSFT,Frederick Financial Consultants LLC Takes $1.51 Million Position in Microsoft Co. (NASDAQ:MSFT),2025-06-14T08:40:52Z,ETF Daily News
MSFT,"IMC Chicago LLC Has $504,000 Stake in GraniteShares 2x Long MSFT Daily ETF (NASDAQ:MSFL)",2025-06-14T07:52:50Z,ETF Daily News
MSFT,Microsoft Co. (NASDAQ:MSFT) Shares Sold by Belmont Capital LLC,2025-06-14T07:10:53Z,ETF Daily News
MSFT,Microsoft Co. (NASDAQ:MSFT) Shares Sold by Arvest Bank Trust Division,2025-06-14T07:10:51Z,ETF Daily News
MSFT,"Adams Wealth Management Purchases 2,323 Shares of Microsoft Co. (NASDAQ:MSFT)",2025-06-14T07:10:51Z,ETF Daily News
NVDA,"Nvidia, AI Chip Stocks Pull Back As Investors Turn Cautious",2025-06-20T20:46:41Z,Investor's Business Daily
NVDA,"NVDA, TSLA, AAPL: Trump Rips ‘Too Late’ Fed Chair for Not Cutting Interest Rates",2025-06-20T19:55:44Z,Biztoc.com
NVDA,Nvidia Might Be Getting Into the Humanoid Robot Game. Should You Buy NVDA Stock Here?,2025-06-20T19:44:57Z,Biztoc.com
NVDA,Nvidia Might Be Getting Into the Humanoid Robot Game. Should You Buy NVDA Stock Here?,2025-06-20T19:39:42Z,Barchart.com
NVDA,RRG Alert Tech Vaults to ‘Leading'—Is XLK Signaling a New Rally?,2025-06-20T19:16:42Z,Stockcharts.com
NVDA,Analysts reboot Micron Technology stock price target ahead of earnings,2025-06-20T17:21:15Z,Biztoc.com
NVDA,"US Stock market today: Wall Street edges higher as Trump comments jolt Fed outlook, chip stocks rebound sharply after recent slump",2025-06-20T15:18:53Z,The Times of India
NVDA,Exploring The Competitive Space: NVIDIA Versus Industry Peers In Semiconductors & Semiconductor Equipment,2025-06-20T15:08:47Z,Biztoc.com
NVDA,"Stock market today: S&P 500, Nasdaq fall with focus on Trump Iran decision, Fed rate cuts, China chip tensions",2025-06-20T14:58:02Z,Yahoo Entertainment
NVDA,"Nvidia (NASDAQ: NVDA) Bull, Base, & Bear Price Prediction and Forecast (June 20)",2025-06-20T13:17:15Z,Biztoc.com
NVDA,Barclays Says Nvidia (NVDA) Has the Most Upside in Its Coverage—Here’s Why,2025-06-20T12:59:06Z,Yahoo Entertainment
NVDA,"Nvidia, Foxconn in talks to deploy humanoid robots at Houston factory",2025-06-20T12:21:48Z,Biztoc.com
NVDA,Nvidia (NVDA) Rises After Cathie Wood Rebuilds $18.5M Stake Near All-Time High,2025-06-20T12:00:41Z,Yahoo Entertainment
NVDA,Nvidia Is Quickly Approaching a New Record High. Is It Too Late to Buy NVDA Stock?,2025-06-20T11:37:41Z,Biztoc.com
NVDA,Nvidia Is Quickly Approaching a New Record High. Is It Too Late to Buy NVDA Stock?,2025-06-20T11:30:02Z,Yahoo Entertainment
NVDA,How to Build Accessible Modals with Focus Traps,2025-06-20T09:58:05Z,Uxpin.com
NVDA,Automotive Stocks To Watch Today – June 17th,2025-06-20T08:33:31Z,ETF Daily News
NVDA,Promising Streaming Stocks To Keep An Eye On – June 18th,2025-06-20T08:33:28Z,ETF Daily News
NVDA,Top Large Cap Stocks To Research – June 18th,2025-06-20T08:33:15Z,ETF Daily News
NVDA,Best Robotics Stocks To Add to Your Watchlist – June 18th,2025-06-20T08:33:15Z,ETF Daily News
NVDA,"Designing Accessible Forms: Small Fixes, Big Impact",2025-06-20T08:00:54Z,Designshack.net
NVDA,NVIDIA Corporation (NASDAQ:NVDA) Position Reduced by D. Scott Neal Inc.,2025-06-20T07:59:21Z,ETF Daily News
NVDA,Princeton Global Asset Management LLC Has $2.42 Million Stock Holdings in NVIDIA Corporation (NASDAQ:NVDA),2025-06-20T07:59:20Z,ETF Daily News
NVDA,Sivia Capital Partners LLC Reduces Stock Position in NVIDIA Corporation (NASDAQ:NVDA),2025-06-20T07:59:20Z,ETF Daily News
NVDA,Orrstown Financial Services Inc. Has $2.85 Million Holdings in NVIDIA Corporation (NASDAQ:NVDA),2025-06-20T07:59:20Z,ETF Daily News
NVDA,NVIDIA Corporation (NASDAQ:NVDA) Shares Purchased by Joule Financial LLC,2025-06-20T07:59:18Z,ETF Daily News
NVDA,"First City Capital Management Inc. Sells 2,203 Shares of NVIDIA Corporation (NASDAQ:NVDA)",2025-06-20T07:59:18Z,ETF Daily News
NVDA,"Reliant Investment Management LLC Has $255,000 Stock Position in NVIDIA Corporation (NASDAQ:NVDA)",2025-06-20T07:25:11Z,ETF Daily News
NVDA,Blue Zone Wealth Advisors LLC Has $2.37 Million Stock Holdings in NVIDIA Corporation (NASDAQ:NVDA),2025-06-20T07:25:09Z,ETF Daily News
NVDA,NVIDIA Corporation (NASDAQ:NVDA) Shares Purchased by Gateway Investment Advisers LLC,2025-06-20T07:25:07Z,ETF Daily News
NVDA,"Intergy Private Wealth LLC Has $899,000 Position in NVIDIA Corporation (NASDAQ:NVDA)",2025-06-20T07:25:06Z,ETF Daily News
NVDA,"Vanguard Capital Wealth Advisors Sells 6,342 Shares of NVIDIA Corporation (NASDAQ:NVDA)",2025-06-20T07:25:06Z,ETF Daily News
NVDA,Top Metaverse Stocks Worth Watching – June 18th,2025-06-20T06:36:46Z,ETF Daily News
NVDA,Automotive Stocks To Watch Today – June 18th,2025-06-20T06:02:54Z,ETF Daily News
NVDA,The Blind Spots of Accessibility Testing Tools - Alt Text,2025-06-20T06:00:00Z,Joomla.org
NVDA,NVDA: Oppenheimer Sees Trillion-Dollar AI Opportunity for Nvidia,2025-06-19T17:06:33Z,Yahoo Entertainment
NVDA,15 AI stocks to watch outside of the Magnificent 7,2025-06-19T17:00:37Z,Yahoo Entertainment
NVDA,Nvidia’s Bringing Sovereign AI to Germany. Should You Buy NVDA Stock Here?,2025-06-19T13:06:04Z,Biztoc.com
NVDA,Nvidia’s Bringing Sovereign AI to Germany. Should You Buy NVDA Stock Here?,2025-06-19T13:00:02Z,Yahoo Entertainment
NVDA,Nvidia (NVDA) Joins Bill Gates TerraPower in $650M Nuclear Energy Push,2025-06-19T12:21:44Z,Yahoo Entertainment
NVDA,NVDA: Barclays Sees $200 Nvidia Surge Ahead as Chip Demand Soars,2025-06-19T10:54:28Z,Yahoo Entertainment
NVDA,Nvidia’s AI empire: A look at its top startup investments,2025-06-19T10:12:00Z,Yahoo Entertainment
NVDA,Streaming Stocks To Watch Today – June 17th,2025-06-19T09:36:52Z,ETF Daily News
NVDA,Robotics Stocks To Consider – June 17th,2025-06-19T09:36:52Z,ETF Daily News
NVDA,Automotive Stocks To Watch Now – June 16th,2025-06-19T08:53:00Z,ETF Daily News
NVDA,Best Large Cap Stocks To Watch Now – June 17th,2025-06-19T08:52:52Z,ETF Daily News
NVDA,Pitti Group Wealth Management LLC Sells 258 Shares of NVIDIA Corporation (NASDAQ:NVDA),2025-06-19T08:36:51Z,ETF Daily News
NVDA,City State Bank Purchases 717 Shares of NVIDIA Corporation (NASDAQ:NVDA),2025-06-19T08:36:51Z,ETF Daily News
NVDA,NVIDIA Corporation (NASDAQ:NVDA) is Impact Capital Partners LLC’s 3rd Largest Position,2025-06-19T08:36:51Z,ETF Daily News
NVDA,NVIDIA Corporation (NASDAQ:NVDA) Stock Holdings Lowered by Sara Bay Financial,2025-06-19T08:36:49Z,ETF Daily News
NVDA,"Horizon Wealth Management LLC Buys 1,975 Shares of NVIDIA Corporation (NASDAQ:NVDA)",2025-06-19T08:02:57Z,ETF Daily News
NVDA,NVIDIA Corporation (NASDAQ:NVDA) Stock Position Raised by Prospect Financial Services LLC,2025-06-19T08:02:57Z,ETF Daily News
NVDA,Snider Financial Group Sells 413 Shares of NVIDIA Corporation (NASDAQ:NVDA),2025-06-19T08:02:56Z,ETF Daily News
NVDA,Constitution Capital LLC Reduces Position in NVIDIA Corporation (NASDAQ:NVDA),2025-06-19T08:02:55Z,ETF Daily News
NVDA,DHK Financial Advisors Inc. Trims Stake in NVIDIA Corporation (NASDAQ:NVDA),2025-06-19T08:02:55Z,ETF Daily News
NVDA,Sandbox Financial Partners LLC Sells 730 Shares of NVIDIA Corporation (NASDAQ:NVDA),2025-06-19T08:02:53Z,ETF Daily News
NVDA,Technology Stocks To Watch Today – June 17th,2025-06-19T07:10:51Z,ETF Daily News
NVDA,Nvidia (NVDA) Could Hit $5 Trillion as Analysts Lift Price Targets,2025-06-19T02:54:07Z,Yahoo Entertainment
NVDA,Move Over Nvidia. This AI Juggernaut Really Wows Wall Street,2025-06-18T17:51:33Z,Biztoc.com
NVDA,Think It's Too Late to Buy Nvidia Stock? Here's the Biggest Reason Why There's Still Time,2025-06-18T17:40:57Z,Biztoc.com
NVDA,There’s Still an ‘Enormous’ Reason to Buy Nvidia Stock in 2025,2025-06-18T16:58:21Z,Barchart.com
NVDA,Is Dell Stock Undervalued? Wall Street Sees 34% Upside Potential,2025-06-18T15:51:01Z,Barchart.com
NVDA,Automotive Stocks To Watch Today – June 15th,2025-06-18T15:40:51Z,ETF Daily News
NVDA,Is INTC Stock a Buy Now as Intel Prepares for Another Round of Mass Layoffs?,2025-06-18T15:28:18Z,Barchart.com
NVDA,Analyst unveils surprising Nvidia stock price target after nearing record high,2025-06-18T15:04:51Z,Biztoc.com
NVDA,Nvidia (NVDA) Continues to Fire on All Cylinders,2025-06-18T14:53:07Z,Yahoo Entertainment
NVDA,"U.S. Stocks Like Boeing, GE, Ford, and Intel Are All Being Severely Outperformed by Their Overseas Competitors",2025-06-18T14:52:12Z,Barchart.com
NVDA,3 Big AI Dividends Cashing In On The Next Big Leap,2025-06-18T13:58:00Z,Forbes
NVDA,Nvidia (NASDAQ: NVDA) Stock Price Prediction for 2025: Where Will It Be in 1 Year (June 18),2025-06-18T13:02:50Z,Biztoc.com
NVDA,Top Infrastructure Stocks To Consider – June 16th,2025-06-18T09:06:56Z,ETF Daily News
NVDA,Promising Streaming Stocks To Follow Now – June 16th,2025-06-18T09:06:56Z,ETF Daily News
NVDA,"Procyon Advisors LLC Purchases 44,158 Shares of NVIDIA Corporation (NASDAQ:NVDA)",2025-06-18T08:01:03Z,ETF Daily News
NVDA,Next Level Private LLC Raises Position in NVIDIA Corporation (NASDAQ:NVDA),2025-06-18T08:01:03Z,ETF Daily News
NVDA,AGH Wealth Advisors LLC Sells 687 Shares of NVIDIA Corporation (NASDAQ:NVDA),2025-06-18T08:01:03Z,ETF Daily News
NVDA,A. D. Beadell Investment Counsel Inc. Increases Stock Holdings in NVIDIA Corporation (NASDAQ:NVDA),2025-06-18T08:00:52Z,ETF Daily News
NVDA,NVIDIA Corporation (NASDAQ:NVDA) Shares Sold by Davis Capital Management,2025-06-18T08:00:49Z,ETF Daily News
NVDA,NVIDIA Corporation (NASDAQ:NVDA) Shares Sold by Affinity Wealth Management LLC,2025-06-18T07:24:59Z,ETF Daily News
NVDA,NVIDIA Corporation (NASDAQ:NVDA) is KRS Capital Management LLC’s Largest Position,2025-06-18T07:24:59Z,ETF Daily News
NVDA,"Generali Investments Management Co LLC Buys 31,950 Shares of NVIDIA Corporation (NASDAQ:NVDA)",2025-06-18T07:24:58Z,ETF Daily News
NVDA,"Enclave Advisors LLC Sells 2,289 Shares of NVIDIA Corporation (NASDAQ:NVDA)",2025-06-18T07:24:57Z,ETF Daily News
NVDA,Adamsbrown Wealth Consultants LLC Increases Stock Position in NVIDIA Corporation (NASDAQ:NVDA),2025-06-18T07:24:57Z,ETF Daily News
NVDA,E. Ohman J or Asset Management AB Has $215.62 Million Stock Holdings in NVIDIA Corporation (NASDAQ:NVDA),2025-06-18T07:24:57Z,ETF Daily News
NVDA,Promising Metaverse Stocks To Research – June 16th,2025-06-18T06:34:49Z,ETF Daily News
NVDA,NVIDIA (NASDAQ:NVDA) Price Target Raised to $200.00,2025-06-18T06:34:48Z,ETF Daily News
NVDA,Oppenheimer Reaffirms Outperform Rating for NVIDIA (NASDAQ:NVDA),2025-06-18T05:50:55Z,ETF Daily News
NVDA,Purpose Investments Inc. Announces June 2025 Distributions,2025-06-17T23:33:31Z,Financial Post
NVDA,Purpose Investments Inc. Announces June 2025 Distributions,2025-06-17T23:30:00Z,GlobeNewswire
NVDA,"Nvidia (NVDA) Target Raised to $200 by Barclays Amid Blackwell Ramp, AI Cloud Expansion",2025-06-17T20:40:55Z,Yahoo Entertainment
NVDA,CoreWeave stock surge brings post-IPO rally to 340% after unusually positive analyst downgrade,2025-06-17T20:18:51Z,Yahoo Entertainment
NVDA,"Citi Raises NVIDIA Price Target, Keeps Buy Rating",2025-06-17T20:04:45Z,Yahoo Entertainment
NVDA,Cathie Wood Thinks SpaceX Will Hit $2.5 TRILLION in 5 Years. You Can Buy This 1 ETF Now to Profit.,2025-06-17T19:53:52Z,Barchart.com
NVDA,Apple supplier Jabil plans $500M venture to build AI data centers,2025-06-17T15:11:01Z,Yahoo Entertainment
NVDA,"Up 373%, This Nvidia-Backed Chip Stock Is Only Just Getting Started",2025-06-17T14:58:52Z,Biztoc.com
NVDA,"If You Invested $10K in These 3 Dividend Stocks 10 Years Ago, You’d Be a Millionaire",2025-06-17T14:52:37Z,Yahoo Entertainment
NVDA,"This AI Fund’s 7.3% Payout Looks Great, But One Chart Screams ‘Sell’",2025-06-17T13:42:00Z,Forbes
NVDA,"Communication Innovation: Sight, Sound And Touch",2025-06-17T12:00:00Z,Forbes
NVDA,What is Nvidia CEO Jensen Huang's push for 'sovereign AI' that has struck a chord with European leaders?,2025-06-17T11:27:46Z,The Times of India
NVDA,"Vest Financial LLC Purchases 220,688 Shares of NVIDIA Co. (NASDAQ:NVDA)",2025-06-17T08:38:54Z,ETF Daily News
NVDA,NVIDIA Co. (NASDAQ:NVDA) is Thurston Springer Miller Herd & Titak Inc.’s Largest Position,2025-06-17T08:38:53Z,ETF Daily News
NVDA,"Charles Schwab Trust Co Sells 6,370 Shares of NVIDIA Co. (NASDAQ:NVDA)",2025-06-17T08:38:52Z,ETF Daily News
JPM,An inflation surge could swamp Trump’s presidency. This one investment will keep your money safe,2025-06-20T17:33:00Z,Biztoc.com
JPM,"Strategic Advisors LLC Sells 3,813 Shares of JPMorgan Chase & Co. (NYSE:JPM)",2025-06-20T09:18:54Z,ETF Daily News
JPM,"Robertson Stephens Wealth Management LLC Purchases 2,106 Shares of JPMorgan Chase & Co. (NYSE:JPM)",2025-06-20T09:18:53Z,ETF Daily News
JPM,JPMorgan Chase & Co. (NYSE:JPM) Shares Sold by Berkshire Bank,2025-06-20T09:18:53Z,ETF Daily News
JPM,Best Bank Stocks To Watch Today – June 17th,2025-06-20T08:33:32Z,ETF Daily News
JPM,"JPMorgan Chase & Co. (NYSE:JPM) Stock Price Expected to Rise, Bank of America Analyst Says",2025-06-20T06:26:47Z,ETF Daily News
JPM,Best Bank Stocks To Follow Now – June 18th,2025-06-20T06:02:59Z,ETF Daily News
JPM,JPMorgan Chase & Co. (NYSE:JPM) Trading 2.1% Higher Following Analyst Upgrade,2025-06-20T05:08:52Z,ETF Daily News
JPM,【悲報】イスエラルに虐殺され中のガザ住民さん、毎年日本の3.11追悼凧揚げを開催していた,2025-06-19T20:00:09Z,Majikichi.com
JPM,Bank Stocks To Watch Today – June 16th,2025-06-19T11:40:53Z,ETF Daily News
JPM,Sagespring Wealth Partners LLC Raises Stock Position in JPMorgan Chase & Co. (NYSE:JPM),2025-06-19T09:00:59Z,ETF Daily News
JPM,JPMorgan Chase & Co. (NYSE:JPM) Stock Position Lifted by Adero Partners LLC,2025-06-19T09:00:58Z,ETF Daily News
JPM,Precedent Wealth Partners LLC Increases Holdings in JPMorgan Chase & Co. (NYSE:JPM),2025-06-19T09:00:58Z,ETF Daily News
JPM,Lorne Steinberg Wealth Management Inc. Sells 214 Shares of JPMorgan Chase & Co. (NYSE:JPM),2025-06-19T09:00:57Z,ETF Daily News
JPM,Great Lakes Retirement Inc. Has $6.93 Million Position in JPMorgan Chase & Co. (NYSE:JPM),2025-06-19T09:00:50Z,ETF Daily News
JPM,Best Financial Stocks To Follow Now – June 17th,2025-06-19T06:34:53Z,ETF Daily News
JPM,Stocks Erase Early Gains on Fed Chair Powell’s Inflation Remarks,2025-06-18T20:57:46Z,Barchart.com
JPM,What's Going On With JPMorgan Chase (JPM) Stock?,2025-06-18T19:51:57Z,Biztoc.com
JPM,How JPMorgan's 'deposit token' shakes up crypto payments,2025-06-18T17:44:08Z,American Banker
JPM,Fed Meeting: Policymakers 'In A Pickle' As Jobless Claims Mount; S&P 500 Rises (Live Coverage),2025-06-18T16:12:18Z,Biztoc.com
JPM,"Top Stock Movers Now: Jabil, Oracle, Zoetis, and More",2025-06-18T15:50:11Z,Investopedia
JPM,The empire strikes out: Institutionalists failed to kill the stablecoin bill,2025-06-18T15:00:00Z,Cointelegraph
JPM,3 Big AI Dividends Cashing In On The Next Big Leap,2025-06-18T13:58:00Z,Forbes
JPM,JPMorgan Chase & Co. (NYSE:JPM) Shares Sold by North Star Investment Management Corp.,2025-06-18T10:46:56Z,ETF Daily News
JPM,Morton Capital Management LLC CA Grows Position in JPMorgan Chase & Co. (NYSE:JPM),2025-06-18T10:46:56Z,ETF Daily News
JPM,Tuttle Capital Management LLC Acquires 262 Shares of JPMorgan Chase & Co. (NYSE:JPM),2025-06-18T10:46:52Z,ETF Daily News
JPM,Optas LLC Increases Stock Position in JPMorgan Chase & Co. (NYSE:JPM),2025-06-18T10:46:52Z,ETF Daily News
JPM,Chase's $795 credit card signals a shift in the credit card perk wars,2025-06-18T10:00:37Z,Yahoo Entertainment
JPM,Chase's $795 Sapphire Reserve card signals a shift in the credit card perk wars,2025-06-18T10:00:37Z,Yahoo Entertainment
JPM,"Cyndeo Wealth Partners LLC Acquires 14,705 Shares of JPMorgan Chase & Co. (NYSE:JPM)",2025-06-18T08:45:02Z,ETF Daily News
JPM,JPMorgan Chase & Co. (NYSE:JPM) Shares Acquired by Traphagen Investment Advisors LLC,2025-06-18T08:44:57Z,ETF Daily News
JPM,JPMorgan Chase & Co. (NYSE:JPM) Position Increased by Bank Pictet & Cie Europe AG,2025-06-18T08:44:57Z,ETF Daily News
JPM,JPMorgan Chase & Co. (NYSE:JPM) Shares Sold by Warther Private Wealth LLC,2025-06-18T08:44:54Z,ETF Daily News
JPM,JPMorgan Chase & Co. (NYSE:JPM) Stock Holdings Increased by Forefront Wealth Management Inc.,2025-06-18T08:44:53Z,ETF Daily News
JPM,Acropolis Investment Management LLC Reduces Stock Holdings in JPMorgan Chase & Co. (NYSE:JPM),2025-06-18T08:44:52Z,ETF Daily News
JPM,Keystone Wealth Services LLC Has $1.86 Million Position in JPMorgan Chase & Co. (NYSE:JPM),2025-06-18T08:44:52Z,ETF Daily News
JPM,"JPMorgan pilots tokenized deposit token on Base, targeting instant dollar transfers",2025-06-17T20:31:16Z,CryptoSlate
JPM,JPMorgan Introduces USD Deposit Token on Coinbase’s Base Blockchain,2025-06-17T20:26:19Z,CoinDesk
JPM,JP Morgan Exec Wary of 'Overcrowding' Stablecoin Market as Bank Registers JPMD Trademark,2025-06-17T18:19:43Z,Decrypt
JPM,"If You Invested $100 In This Stock 15 Years Ago, You Would Have This Much Today",2025-06-17T16:39:11Z,Biztoc.com
JPM,"This AI Fund’s 7.3% Payout Looks Great, But One Chart Screams ‘Sell’",2025-06-17T13:42:00Z,Forbes
JPM,D Orazio & Associates Inc. Grows Position in JPMorgan Chase & Co. (NYSE:JPM),2025-06-17T10:00:55Z,ETF Daily News
JPM,JPMorgan Chase & Co. (NYSE:JPM) Shares Sold by MFA Wealth Services,2025-06-17T10:00:55Z,ETF Daily News
JPM,JPMorgan Chase & Co. (NYSE:JPM) Stock Holdings Raised by Dohj LLC,2025-06-17T10:00:54Z,ETF Daily News
JPM,JPMorgan Chase & Co. (NYSE:JPM) Shares Bought by Brighton Jones LLC,2025-06-17T10:00:54Z,ETF Daily News
JPM,"American Institute for Advanced Investment Management LLP Has $402,000 Stake in JPMorgan Chase & Co. (NYSE:JPM)",2025-06-17T10:00:54Z,ETF Daily News
JPM,JPMorgan Chase & Co. (NYSE:JPM) Stock Holdings Lifted by James Hambro & Partners LLP,2025-06-17T10:00:54Z,ETF Daily News
JPM,Hengehold Capital Management LLC Has $7.19 Million Stock Position in JPMorgan Chase & Co. (NYSE:JPM),2025-06-17T10:00:54Z,ETF Daily News
JPM,"Dynamic Advisor Solutions LLC Sells 3,357 Shares of JPMorgan Chase & Co. (NYSE:JPM)",2025-06-17T10:00:53Z,ETF Daily News
JPM,"Wilsey Asset Management Inc. Sells 7,066 Shares of JPMorgan Chase & Co. (NYSE:JPM)",2025-06-17T10:00:50Z,ETF Daily News
JPM,Motive Wealth Advisors Cuts Stake in JPMorgan Chase & Co. (NYSE:JPM),2025-06-17T10:00:50Z,ETF Daily News
JPM,HSBC Stock: What’s New?,2025-06-17T09:00:47Z,Forbes
JPM,JPMorgan Chase & Co. (NYSE:JPM) Shares Bought by CogentBlue Wealth Advisors LLC,2025-06-17T08:59:02Z,ETF Daily News
JPM,"Ritholtz Wealth Management Acquires 1,784 Shares of JPMorgan Chase & Co. (NYSE:JPM)",2025-06-17T08:58:57Z,ETF Daily News
JPM,Massachusetts Wealth Management Sells 670 Shares of JPMorgan Chase & Co. (NYSE:JPM),2025-06-17T08:58:49Z,ETF Daily News
JPM,Blodgett Wealth Advisors LLC Purchases 251 Shares of JPMorgan Chase & Co. (NYSE:JPM),2025-06-17T08:58:49Z,ETF Daily News
JPM,Partners Wealth Management LLC Reduces Position in JPMorgan Chase & Co. (NYSE:JPM),2025-06-17T08:25:02Z,ETF Daily News
JPM,JPMorgan Chase & Co. (NYSE:JPM) Shares Sold by Prentice Wealth Management LLC,2025-06-17T08:25:02Z,ETF Daily News
JPM,"Arkansas Financial Group Inc. Has $697,000 Position in JPMorgan Chase & Co. (NYSE:JPM)",2025-06-17T08:25:02Z,ETF Daily News
JPM,Aries Wealth Management Has $4.53 Million Position in JPMorgan Chase & Co. (NYSE:JPM),2025-06-17T08:25:00Z,ETF Daily News
JPM,JPMorgan Chase & Co. (NYSE:JPM) Shares Sold by MEAG MUNICH ERGO Kapitalanlagegesellschaft mbH,2025-06-17T07:53:05Z,ETF Daily News
JPM,"Sfm LLC Makes New $238,000 Investment in JPMorgan Chase & Co. (NYSE:JPM)",2025-06-17T07:53:04Z,ETF Daily News
JPM,Lockerman Financial Group Inc. Reduces Stock Holdings in JPMorgan Chase & Co. (NYSE:JPM),2025-06-17T07:53:03Z,ETF Daily News
JPM,BayBridge Capital Group LLC Sells 362 Shares of JPMorgan Chase & Co. (NYSE:JPM),2025-06-17T07:53:00Z,ETF Daily News
JPM,JPMorgan Chase & Co. (NYSE:JPM) Position Increased by Atlas Private Wealth Advisors,2025-06-17T07:53:00Z,ETF Daily News
JPM,Analysts Set JPMorgan Chase & Co. (NYSE:JPM) Target Price at $269.65,2025-06-17T06:42:51Z,ETF Daily News
JPM,JPMorgan files ‘JPMD’ trademark for crypto payment services,2025-06-16T23:58:27Z,Cointelegraph
JPM,JP Morgan Files Trademark for JPMD: Is It a Stablecoin?,2025-06-16T22:06:17Z,Decrypt
JPM,"JPMorgan Chase files for blockchain-related trademark, triggering speculation it has stablecoin plans",2025-06-16T21:50:05Z,Yahoo Entertainment
JPM,"JPMorgan files ‘JPMD’ trademark, hinting at possible stablecoin offering",2025-06-16T19:12:53Z,Crypto Briefing
JPM,U.S.-Listed Bitcoin Miners' Share of Network Hashrate Hit Record High in June: JPMorgan,2025-06-16T15:48:33Z,Biztoc.com
JPM,U.S.-Listed Bitcoin Miners' Share of Network Hashrate Hit Record High in June: JPMorgan,2025-06-16T15:17:23Z,CoinDesk
JPM,American Express Planning 'Major Updates' for Platinum Cards Later This Year,2025-06-16T14:00:30Z,Investopedia
JPM,JPM Launches New Active Global Government Bond ETF in Europe,2025-06-16T12:06:59Z,Biztoc.com
JPM,JPM Launches New Active Global Government Bond ETF in Europe,2025-06-16T12:00:00Z,Etf.com
JPM,"Pullen Investment Management LLC Has $776,000 Stake in JPMorgan Chase & Co. (NYSE:JPM)",2025-06-16T11:52:44Z,ETF Daily News
JPM,JPMorgan Chase & Co. (NYSE:JPM) Shares Sold by New Century Financial Group LLC,2025-06-16T10:46:45Z,ETF Daily News
JPM,831 Shares in JPMorgan Chase & Co. (NYSE:JPM) Purchased by ShankerValleau Wealth Advisors Inc.,2025-06-16T10:14:46Z,ETF Daily News
JPM,Goldstone Financial Group LLC Has $4.63 Million Stock Position in JPMorgan Chase & Co. (NYSE:JPM),2025-06-16T10:14:46Z,ETF Daily News
JPM,JPMorgan Chase & Co. (NYSE:JPM) Stake Cut by Ipswich Investment Management Co. Inc.,2025-06-16T10:14:45Z,ETF Daily News
JPM,Best Financial Stocks To Follow Today – June 13th,2025-06-16T09:00:48Z,ETF Daily News
JPM,JPMorgan Chase & Co. (NYSE:JPM) is Stock Yards Bank & Trust Co.’s 4th Largest Position,2025-06-16T08:54:55Z,ETF Daily News
JPM,Bernard Wealth Management Corp. Grows Position in JPMorgan Chase & Co. (NYSE:JPM),2025-06-16T08:54:53Z,ETF Daily News
JPM,Griffin Asset Management Inc. Has $15.73 Million Stake in JPMorgan Chase & Co. (NYSE:JPM),2025-06-16T08:54:49Z,ETF Daily News
JPM,"Farmers & Merchants Investments Inc. Sells 7,640 Shares of JPMorgan Chase & Co. (NYSE:JPM)",2025-06-16T08:20:51Z,ETF Daily News
JPM,JP Morgan upgrades Domino's Pizza shares,2025-06-16T02:10:22Z,Motley Fool Australia
JPM,Top Financial Stocks To Watch Now – June 12th,2025-06-15T08:02:54Z,ETF Daily News
JPM,Bank Stocks To Consider – June 12th,2025-06-15T08:02:53Z,ETF Daily News
JPM,Bank Stocks Worth Watching – June 13th,2025-06-15T06:04:45Z,ETF Daily News
JPM,TD Cowen Confirms Buy Rating on JPMorgan Chase (JPM) on Continued Growth Trajectory,2025-06-14T18:14:31Z,Biztoc.com
JPM,TD Cowen Confirms Buy Rating on JPMorgan Chase (JPM) on Continued Growth Trajectory,2025-06-14T17:59:54Z,Yahoo Entertainment
JPM,Absolute Batman #9 Dominates The Bleeding Cool Weekly Bestseller List,2025-06-14T12:57:06Z,Bleeding Cool News
JPM,Promising Bank Stocks To Watch Now – June 11th,2025-06-14T08:04:56Z,ETF Daily News
JPM,Positive U.S. Regulatory Environment More Conducive for Crypto Corporate Activity: JPMorgan,2025-06-13T15:20:50Z,CoinDesk
JPM,"Bitcoin Miners Just Had One of Their Best Quarters on Record, JPMorgan Says",2025-06-13T14:33:20Z,Biztoc.com
JPM,"Bitcoin Miners Just Had One of Their Best Quarters on Record, JPMorgan Says",2025-06-13T14:15:50Z,CoinDesk
JPM,Assessment of positive psychological functioning among Chinese university students: Revision and psychometric properties of a psychological capital scale,2025-06-13T14:00:00Z,Plos.org
JPM,Bitcoin Miner Price Targets Raised to Reflect Improved Industry Economics: JPMorgan,2025-06-13T13:10:08Z,CoinDesk
JPM,JPMorgan Says the S&P 500 Has Limited Upside – but These 2 Stocks Stand Out,2025-06-13T10:03:49Z,Yahoo Entertainment
